Modelo,MSE,RMSE,R²,MAE
SVR Básico (Prueba),633288.3943953597,795.7941909786473,0.07714087973243944,647.7831359308534
SVR Optimizado (Entrenamiento),475.56022092080207,21.80734327974873,0.9994535060710448,15.397338483419327
SVR Optimizado (Prueba),487.4243841895495,22.077689738501842,0.9992897011182091,16.2124245253565
Validación Cruzada (Media),1282.954846885548,35.81835907583635,,
Mejor Kernel: LINEAR,728.623263814517,26.993022502389707,0.9989382142003529,22.182588054473364
