Modelo,MSE,RMSE,R²,MAE
SVR Básico (Prueba),618917.6551582979,786.7131975239121,0.09808263057973166,636.2728051817858
SVR Optimizado (Entrenamiento),228309.12691492264,477.8170433491491,0.7376366939554339,388.2186410757814
SVR Optimizado (Prueba),190337.65185111493,436.2770356678368,0.7226305747970925,350.11523743820334
Validación Cruzada (Media),509617.96152849984,713.875312311961,,
Mejor Kernel: LINEAR,87272.60468035431,295.4193708617536,0.8728220509146275,243.38231930484363
